-- phpMyAdmin SQL Dump
-- version 5.2.1
-- https://www.phpmyadmin.net/
--
-- Host: 127.0.0.1
-- Generation Time: Dec 06, 2025 at 02:56 PM
-- Server version: 10.4.32-MariaDB
-- PHP Version: 8.2.12

SET SQL_MODE = "NO_AUTO_VALUE_ON_ZERO";
START TRANSACTION;
SET time_zone = "+00:00";


/*!40101 SET @OLD_CHARACTER_SET_CLIENT=@@CHARACTER_SET_CLIENT */;
/*!40101 SET @OLD_CHARACTER_SET_RESULTS=@@CHARACTER_SET_RESULTS */;
/*!40101 SET @OLD_COLLATION_CONNECTION=@@COLLATION_CONNECTION */;
/*!40101 SET NAMES utf8mb4 */;

--
-- Database: `multimedia_booking`
--

-- --------------------------------------------------------

--
-- Table structure for table `bookings`
--

CREATE TABLE `bookings` (
  `id` int(11) NOT NULL,
  `user_id` int(11) NOT NULL,
  `service_id` int(11) NOT NULL,
  `date` date NOT NULL,
  `status` enum('pending','confirmed','cancelled','partial','paid') DEFAULT 'pending',
  `created_at` timestamp NOT NULL DEFAULT current_timestamp(),
  `first_name` varchar(100) DEFAULT NULL,
  `last_name` varchar(100) DEFAULT NULL,
  `email` varchar(150) DEFAULT NULL,
  `phone_area` varchar(10) DEFAULT NULL,
  `phone_number` varchar(20) DEFAULT NULL,
  `package_name` varchar(100) DEFAULT NULL,
  `note` text DEFAULT NULL,
  `num_people` int(11) DEFAULT 1,
  `time` varchar(10) DEFAULT NULL,
  `location` varchar(255) DEFAULT NULL
) ENGINE=InnoDB DEFAULT CHARSET=utf8mb4 COLLATE=utf8mb4_general_ci;

--
-- Dumping data for table `bookings`
--

INSERT INTO `bookings` (`id`, `user_id`, `service_id`, `date`, `status`, `created_at`, `first_name`, `last_name`, `email`, `phone_area`, `phone_number`, `package_name`, `note`, `num_people`, `time`, `location`) VALUES
(1, 3, 2, '2025-11-06', 'confirmed', '2025-11-06 02:35:10', 'John', 'Doe', 'john@example.com', '02', '1234567', 'Basic Package', 'No note', 2, '10:00', 'Main Studio'),
(15, 3, 2, '2025-10-16', 'pending', '2025-10-22 07:17:06', 'KC', 'AB', 'kcabella1611@gmail.com', '3019', '09167406636', 'Plus — $25', 'yes', 2, '09:00', NULL),
(16, 3, 2, '2025-10-15', 'paid', '2025-10-22 08:05:56', 'KC', 'AB', 'kcabella1611@gmail.com', '3019', '09167406636', 'Plus — $25', 'yes', 4, '09:00', NULL),
(17, 3, 1, '2025-10-16', 'pending', '2025-10-22 09:00:42', 'KC', 'AB', 'rayseki1337@gmail.com', '3019', '09167406636', 'Pro — $40', 'yes', 5, '12:00', NULL),
(18, 3, 1, '2025-10-16', 'pending', '2025-10-22 09:01:26', 'KC', 'AB', 'rayseki1337@gmail.com', '3019', '09167406636', 'Pro — $40', 'yes', 5, '12:00', NULL),
(22, 3, 2, '2025-10-16', 'pending', '2025-10-22 09:56:47', 'KC', 'AB', 'kcabella1611@gmail.com', '3019', '09167406636', 'Plus — $25', 'yes', 3, '15:00', NULL),
(23, 3, 2, '2025-10-24', 'pending', '2025-10-22 10:52:36', 'KC', 'AB', 'kcabella1611@gmail.com', '3019', '09167406636', 'Plus — $25', 'yes', 3, '10:00', NULL),
(24, 3, 1, '2025-10-15', 'paid', '2025-10-22 14:18:25', 'KC', 'AB', 'kcabella1611@gmail.com', '3019', '09167406636', 'Pro — $40', 'yes', 4, '15:00', NULL),
(25, 3, 1, '2025-10-24', 'pending', '2025-10-22 14:54:36', 'KC', 'AB', 'test123@gmail.com', '3019', '09167406636', 'Pro — $40', 'yes', 4, '16:00', NULL),
(26, 3, 1, '2025-10-14', 'paid', '2025-10-22 14:55:19', 'KC', 'AB', 'kcabella1611@gmail.com', '3019', '09167406636', 'Pro — $40', 'yes', 3, '16:00', NULL),
(27, 3, 3, '2025-10-17', 'pending', '2025-10-22 15:30:23', 'KC', 'AB', 'kcabella1611@gmail.com', '3019', '09167406636', 'Standard — $10', 'yes', 3, '13:00', NULL),
(28, 3, 1, '2025-10-14', 'paid', '2025-10-22 16:01:42', 'KC', 'AB', 'kcabella1611@gmail.com', '3019', '09167406636', 'Pro — $40', 'yes', 2, '13:00', NULL),
(29, 3, 1, '2025-10-10', 'cancelled', '2025-10-22 16:02:54', 'KC', 'AB', 'kcabella1611@gmail.com', '3019', '09167406636', 'Pro — $40', 'yes', 3, '14:00', NULL),
(30, 1, 1, '2025-10-23', 'confirmed', '2025-10-23 16:06:57', NULL, NULL, NULL, NULL, NULL, NULL, NULL, 1, NULL, NULL),
(35, 3, 2, '2025-11-14', 'pending', '2025-11-04 02:02:22', 'KC', 'Abella', 'kcabella1611@gmail.com', '3019', '09167406636', 'Plus — $25', '3', 2, '15:00', NULL),
(36, 3, 1, '2025-11-06', 'pending', '2025-11-04 11:04:36', 'KC', 'Abella', 'rayseki1337@gmail.com', '3019', '09167406636', 'Pro — ₱40', NULL, NULL, '10:00', NULL),
(37, 3, 3, '2025-11-06', 'pending', '2025-11-04 11:05:37', 'KC', 'Abella', 'rayseki1337@gmail.com', '3019', '09167406636', 'Standard — ₱10', NULL, NULL, '10:00', NULL),
(38, 3, 1, '2025-11-06', 'pending', '2025-11-04 11:05:50', 'KC', 'Abella', 'rayseki1337@gmail.com', '3019', '09167406636', 'Pro — ₱40', NULL, NULL, '10:00', NULL),
(39, 3, 3, '2025-11-06', 'paid', '2025-11-04 11:06:14', 'KC', 'Abella', 'rayseki1337@gmail.com', '3019', '09167406636', 'Standard — ₱10', NULL, NULL, '10:00', NULL),
(40, 3, 3, '2025-11-06', 'cancelled', '2025-11-04 11:10:20', 'KC', 'Abella', 'rayseki1337@gmail.com', '3019', '09167406636', 'Standard — ₱10', NULL, NULL, '10:00', NULL),
(41, 3, 1, '2025-11-14', 'pending', '2025-11-05 11:52:46', 'KC', 'Abella', 'kcabella1611@gmail.com', '3019', '09167406636', 'Pro — ₱40', NULL, NULL, '10:00', NULL),
(42, 3, 1, '2025-11-14', 'cancelled', '2025-11-06 02:17:01', 'KC', 'AB', 'kcabella1611@gmail.com', '3019', '09167406636', 'Pro — ₱40', NULL, NULL, '14:00', NULL),
(43, 3, 1, '2025-11-20', 'paid', '2025-11-12 02:00:36', 'KC', 'AB', 'kcabella1611@gmail.com', '3019', '09167406636', 'Pro — ₱40', NULL, NULL, '11:00', NULL),
(44, 3, 2, '2025-11-20', 'cancelled', '2025-11-12 02:02:05', 'KC', 'AB', 'kcabella1611@gmail.com', '3019', '09167406636', 'Plus — ₱25', NULL, NULL, '12:00', NULL),
(45, 3, 1, '2025-11-18', 'paid', '2025-11-13 01:42:06', 'KC', 'AB', 'kcabella1611@gmail.com', '3019', '09167406636', 'Pro — ₱40', NULL, 1, '11:00', 'Paoay, Ilocos Norte'),
(46, 3, 3, '2025-11-20', 'paid', '2025-11-16 16:21:01', 'KC', 'AB', 'kcabella1611@gmail.com', '3019', '09167406636', 'Standard — ₱10', NULL, 1, '12:00', 'Paoay, Ilocos Norte'),
(47, 9, 1, '2025-11-21', 'paid', '2025-11-19 18:30:44', 'integ', 'test', 'integtest@gmail.com', '63', '9270361820', 'Pro — ₱40', NULL, 1, '12:00', 'Paoay, Ilocos Norte'),
(48, 9, 3, '2025-11-27', 'paid', '2025-11-20 08:27:48', 'integ', 'test', 'integtest@gmail.com', '+63', '9270361820', 'Standard — ₱10', NULL, 1, '11:00', 'Paoay, Ilocos Norte'),
(49, 9, 1, '2025-11-27', 'paid', '2025-11-20 08:31:33', 'integ', 'test', 'integtest@gmail.com', '+63', '9270361820', 'Pro — ₱40', NULL, 1, '11:00', 'Paoay, Ilocos Norte'),
(50, 15, 1, '2025-12-10', 'pending', '2025-11-30 18:04:11', 'testact', 'test', 'testact@gmail.com', '+63', '9270361820', 'Pro — ₱40', NULL, 1, '15:00', 'Paoay, Ilocos Norte'),
(51, 15, 1, '2025-12-10', 'pending', '2025-11-30 18:04:16', 'testact', 'test', 'testact@gmail.com', '+63', '9270361820', 'Pro — ₱40', NULL, 1, '15:00', 'Paoay, Ilocos Norte'),
(52, 15, 1, '2025-12-10', 'pending', '2025-11-30 18:06:19', 'testact', 'test', 'testact@gmail.com', '+63', '9270361820', 'Pro — ₱40', NULL, 1, '15:00', 'Paoay, Ilocos Norte'),
(53, 15, 1, '2025-12-10', 'pending', '2025-11-30 18:06:23', 'testact', 'test', 'testact@gmail.com', '+63', '9270361820', 'Pro — ₱40', NULL, 1, '15:00', 'Paoay, Ilocos Norte'),
(54, 15, 1, '2025-12-10', 'pending', '2025-11-30 18:06:23', 'testact', 'test', 'testact@gmail.com', '+63', '9270361820', 'Pro — ₱40', NULL, 1, '15:00', 'Paoay, Ilocos Norte'),
(55, 15, 2, '2025-12-23', 'pending', '2025-11-30 18:06:59', 'testact', 'test', 'testact@gmail.com', '+63', '9270361820', 'Plus — ₱25', NULL, 1, '15:00', 'Paoay, Ilocos Norte'),
(56, 15, 2, '2025-12-23', 'pending', '2025-11-30 18:13:09', 'testact', 'test', 'testact@gmail.com', '+63', '9270361820', 'Plus — ₱25', NULL, 1, '15:00', 'Paoay, Ilocos Norte'),
(57, 15, 2, '2025-12-23', 'pending', '2025-11-30 18:13:09', 'testact', 'test', 'testact@gmail.com', '+63', '9270361820', 'Plus — ₱25', NULL, 1, '15:00', 'Paoay, Ilocos Norte'),
(58, 15, 3, '2025-12-02', 'pending', '2025-12-01 03:08:46', 'dinyil', 'serrano', 'testact@gmail.com', '+63', '9270361820', 'Standard — ₱10', NULL, 1, '11:00', 'Paoay, Ilocos Norte'),
(59, 15, 3, '2025-12-02', 'pending', '2025-12-01 03:08:55', 'dinyil', 'serrano', 'testact@gmail.com', '+63', '9270361820', 'Standard — ₱10', NULL, 1, '11:00', 'Paoay, Ilocos Norte'),
(60, 15, 3, '2025-12-02', 'pending', '2025-12-01 03:09:06', 'dinyil', 'serrano', 'testact@gmail.com', '+63', '9270361820', 'Standard — ₱10', NULL, 1, '11:00', 'Paoay, Ilocos Norte'),
(61, 15, 3, '2025-12-02', 'pending', '2025-12-01 03:09:08', 'dinyil', 'serrano', 'testact@gmail.com', '+63', '9270361820', 'Standard — ₱10', NULL, 1, '11:00', 'Paoay, Ilocos Norte'),
(62, 15, 3, '2025-12-02', 'pending', '2025-12-01 03:13:32', 'dinyil', 'serrano', 'testact@gmail.com', '+63', '9270361820', 'Standard — ₱10', NULL, 1, '11:00', 'Paoay, Ilocos Norte'),
(63, 15, 3, '2025-12-16', 'pending', '2025-12-01 03:26:06', 'dinyil', 'serrano', 'testact@gmail.com', '+63', '9270361820', 'Standard — ₱10', NULL, 1, '08:00', 'Paoay, Ilocos Norte'),
(64, 15, 3, '2025-12-16', 'pending', '2025-12-01 03:26:25', 'dinyil', 'serrano', 'testact@gmail.com', '+63', '9270361820', 'Standard — ₱10', NULL, 1, '08:00', 'Paoay, Ilocos Norte'),
(65, 15, 3, '2025-12-11', 'pending', '2025-12-01 03:32:07', 'dinyil', 'serrano', 'testact@gmail.com', '+63', '9270361820', 'Standard — ₱10', NULL, 1, '09:00', 'Paoay, Ilocos Norte'),
(66, 15, 3, '2025-12-11', 'pending', '2025-12-01 03:32:23', 'dinyil', 'serrano', 'testact@gmail.com', '+63', '9270361820', 'Standard — ₱10', NULL, 1, '09:00', 'Paoay, Ilocos Norte'),
(67, 15, 3, '2025-12-11', 'pending', '2025-12-01 03:32:40', 'dinyil', 'serrano', 'testact@gmail.com', '+63', '9270361820', 'Standard — ₱10', NULL, 1, '09:00', 'Paoay, Ilocos Norte'),
(68, 15, 3, '2025-12-11', 'pending', '2025-12-01 03:32:41', 'dinyil', 'serrano', 'testact@gmail.com', '+63', '9270361820', 'Standard — ₱10', NULL, 1, '09:00', 'Paoay, Ilocos Norte'),
(69, 15, 3, '2025-12-11', 'pending', '2025-12-01 03:42:49', 'dinyil', 'dummy', 'testact@gmail.com', '+63', '9270361820', 'Standard — ₱10', NULL, 1, '12:00', 'Paoay, Ilocos Norte'),
(70, 15, 3, '2025-12-26', 'paid', '2025-12-01 03:46:27', 'dinyil', 'serrano', 'testact@gmail.com', '+63', '9270361820', 'Standard — ₱10', NULL, 1, '08:00', 'Paoay, Ilocos Norte'),
(71, 15, 3, '2025-12-25', 'cancelled', '2025-12-01 03:52:40', 'dinyil', 'serrano', 'testact@gmail.com', '+63', '9270361820', 'Standard — ₱10', NULL, 1, '15:00', 'Paoay, Ilocos Norte'),
(72, 9, 1, '2025-12-11', 'pending', '2025-12-04 16:34:00', 'test', 'test', 'testact@gmail.com', '+63', '9270361820', 'Pro — ₱40', NULL, 1, '13:00', 'Paoay, Ilocos Norte'),
(73, 9, 1, '2025-12-11', 'pending', '2025-12-04 16:34:38', 'test', 'test', 'testact@gmail.com', '+63', '9270361820', 'Pro — ₱40', NULL, 1, '13:00', 'Paoay, Ilocos Norte'),
(74, 9, 3, '2025-12-26', 'pending', '2025-12-04 16:47:25', 'dinyil', 'serrano', 'integtest@gmail.com', '+63', '9270361820', 'Standard', NULL, 1, '11:00', 'Paoay, Ilocos Norte'),
(75, 16, 1, '2025-12-17', 'pending', '2025-12-04 23:59:34', 'dinil', 'serrano', 'dinyil@gmail.com', '+63', '9270361820', 'Pro — ₱40', NULL, 1, '12:00', 'Paoay, Ilocos Norte'),
(76, 15, 2, '2026-01-01', 'paid', '2025-12-05 00:03:23', 'a', 'a', 'ara@gmail.com', '+63', '9270361820', 'Plus — ₱25', NULL, 1, '14:00', 'Paoay, Ilocos Norte'),
(77, 16, 1, '2025-12-31', 'pending', '2025-12-05 00:36:07', 'Dinyil', 'Serrano', 'dinyil@gmail.com', '+63', '9270361820', 'Pro — ₱40', NULL, 1, '12:00', 'Paoay, Ilocos Norte'),
(78, 15, 2, '2025-12-24', 'pending', '2025-12-05 00:40:35', 'Dinyil', 'serrano', 'dinyil@gmail.com', '+63', '9270361820', 'Plus — ₱25', NULL, 1, '10:00', 'Paoay, Ilocos Norte');

-- --------------------------------------------------------

--
-- Table structure for table `clients`
--

CREATE TABLE `clients` (
  `id` int(11) NOT NULL,
  `name` varchar(100) DEFAULT NULL,
  `email` varchar(100) DEFAULT NULL,
  `phone` varchar(20) DEFAULT NULL,
  `created_at` timestamp NOT NULL DEFAULT current_timestamp()
) ENGINE=InnoDB DEFAULT CHARSET=utf8mb4 COLLATE=utf8mb4_general_ci;

-- --------------------------------------------------------

--
-- Table structure for table `gallery_access_codes`
--

CREATE TABLE `gallery_access_codes` (
  `id` int(11) NOT NULL,
  `user_id` int(11) NOT NULL,
  `code` varchar(50) NOT NULL,
  `created_at` datetime DEFAULT current_timestamp(),
  `expires_at` datetime DEFAULT NULL
) ENGINE=InnoDB DEFAULT CHARSET=utf8mb4 COLLATE=utf8mb4_general_ci;

-- --------------------------------------------------------

--
-- Table structure for table `notifications`
--

CREATE TABLE `notifications` (
  `id` int(11) NOT NULL,
  `user_id` int(11) NOT NULL,
  `title` varchar(255) NOT NULL,
  `message` text NOT NULL,
  `type` enum('info','success','warning','error') DEFAULT 'info',
  `is_read` tinyint(1) DEFAULT 0,
  `created_at` timestamp NOT NULL DEFAULT current_timestamp()
) ENGINE=InnoDB DEFAULT CHARSET=utf8mb4 COLLATE=utf8mb4_general_ci;

--
-- Dumping data for table `notifications`
--

INSERT INTO `notifications` (`id`, `user_id`, `title`, `message`, `type`, `is_read`, `created_at`) VALUES
(1, 8, 'Test Notification', 'The notification system is working!', 'info', 0, '2025-11-16 15:52:39');

-- --------------------------------------------------------

--
-- Table structure for table `packages`
--

CREATE TABLE `packages` (
  `id` int(11) NOT NULL,
  `name` varchar(100) DEFAULT NULL,
  `description` text DEFAULT NULL,
  `price` decimal(10,2) DEFAULT NULL,
  `category` varchar(50) DEFAULT NULL,
  `created_at` timestamp NOT NULL DEFAULT current_timestamp()
) ENGINE=InnoDB DEFAULT CHARSET=utf8mb4 COLLATE=utf8mb4_general_ci;

-- --------------------------------------------------------

--
-- Table structure for table `payments`
--

CREATE TABLE `payments` (
  `id` int(11) NOT NULL,
  `booking_id` int(11) NOT NULL,
  `amount` decimal(10,2) NOT NULL,
  `status` enum('downpayment','full','paid') DEFAULT 'downpayment',
  `created_at` timestamp NOT NULL DEFAULT current_timestamp(),
  `is_downpayment` tinyint(1) DEFAULT 0
) ENGINE=InnoDB DEFAULT CHARSET=utf8mb4 COLLATE=utf8mb4_general_ci;

--
-- Dumping data for table `payments`
--

INSERT INTO `payments` (`id`, `booking_id`, `amount`, `status`, `created_at`, `is_downpayment`) VALUES
(1, 28, 500.00, 'downpayment', '2025-11-16 15:35:06', 1),
(2, 26, 35023.00, 'downpayment', '2025-11-16 15:35:45', 1),
(3, 26, 40.00, 'downpayment', '2025-11-16 15:42:39', 1),
(4, 28, 40.00, 'downpayment', '2025-11-16 15:42:42', 1),
(5, 24, 40.00, 'downpayment', '2025-11-16 15:42:46', 1),
(6, 24, 40.00, 'downpayment', '2025-11-16 15:42:54', 1);

-- --------------------------------------------------------

--
-- Table structure for table `photos`
--

CREATE TABLE `photos` (
  `id` int(11) NOT NULL,
  `booking_id` int(11) DEFAULT NULL,
  `user_id` int(11) DEFAULT NULL,
  `uploaded_by` int(11) DEFAULT NULL,
  `file_name` varchar(255) NOT NULL,
  `file_path` varchar(255) NOT NULL,
  `watermarked_path` varchar(255) DEFAULT NULL,
  `uploaded_at` timestamp NOT NULL DEFAULT current_timestamp(),
  `is_published` tinyint(1) DEFAULT 0,
  `price` decimal(10,2) DEFAULT 100.00,
  `status` enum('available','purchased','expired') DEFAULT 'available',
  `expires_at` datetime DEFAULT NULL,
  `purchased_at` datetime DEFAULT NULL,
  `created_at` datetime DEFAULT current_timestamp()
) ENGINE=InnoDB DEFAULT CHARSET=utf8mb4 COLLATE=utf8mb4_general_ci;

--
-- Dumping data for table `photos`
--

INSERT INTO `photos` (`id`, `booking_id`, `user_id`, `uploaded_by`, `file_name`, `file_path`, `watermarked_path`, `uploaded_at`, `is_published`, `price`, `status`, `expires_at`, `purchased_at`, `created_at`) VALUES
(31, NULL, 1, 7, '', '/uploads/1762000415075.png', NULL, '2025-11-01 12:33:35', 1, 100.00, 'available', NULL, NULL, '2025-11-01 20:33:35'),
(36, NULL, 5, 7, 'horse.jpg', '/uploads/1762078603646.jpg', NULL, '2025-11-02 10:16:43', 1, 100.00, 'available', NULL, NULL, '2025-11-02 18:16:43'),
(37, NULL, 5, 7, '360_F_487659230_LIQIuM4OtZLTJ4juqUAfyZL24muRatdZ.jpg', '/uploads/1762078603651.jpg', NULL, '2025-11-02 10:16:43', 1, 100.00, 'available', NULL, NULL, '2025-11-02 18:16:43'),
(38, NULL, 5, 7, '7-ortoneffectkcab.jpg', '/uploads/1762078603652.jpg', NULL, '2025-11-02 10:16:43', 1, 100.00, 'available', NULL, NULL, '2025-11-02 18:16:43'),
(40, NULL, 5, 7, '475725406_2302902623416837_6374635398458049863_n.jpg', '/uploads/1762078603678.jpg', NULL, '2025-11-02 10:16:43', 1, 100.00, 'available', NULL, NULL, '2025-11-02 18:16:43'),
(41, NULL, 5, 7, 'network-addressing-and-basic-troubleshooting(1).png', '/uploads/1762078654449.png', NULL, '2025-11-02 10:17:34', 1, 100.00, 'available', NULL, NULL, '2025-11-02 18:17:34'),
(43, NULL, 5, 7, 'mesozoicomap2.png', '/uploads/1762078785061.png', NULL, '2025-11-02 10:19:45', 1, 100.00, 'available', NULL, NULL, '2025-11-02 18:19:45'),
(83, NULL, 3, 7, 'togif.gif', '/uploads/1762165272831.gif', NULL, '2025-11-03 10:21:12', 1, 100.00, 'expired', '2025-11-24 11:52:00', '2025-11-17 11:52:00', '2025-11-03 18:21:12'),
(84, NULL, 1, 8, 'Dr_Andrew_Huberman.jpg', '/uploads/1762241156208.jpg', NULL, '2025-11-04 07:25:56', 1, 100.00, 'available', NULL, NULL, '2025-11-04 15:25:56'),
(86, NULL, 3, 7, 'i-recolored-the-chromakopia-cover-art-for-fun-v0-jai8vr2dpivd1.png', '/uploads/1762391769397.png', NULL, '2025-11-06 01:16:09', 1, 100.00, 'expired', '2025-11-26 21:17:13', '2025-11-19 21:17:13', '2025-11-06 09:16:09'),
(87, NULL, 3, 7, 'noFilter.webp', '/uploads/1762391769399.webp', NULL, '2025-11-06 01:16:09', 1, 100.00, 'expired', '2025-11-26 15:41:19', '2025-11-19 15:41:19', '2025-11-06 09:16:09'),
(88, NULL, 3, 7, 'KCABpfp.png', '/uploads/1762391769400.png', NULL, '2025-11-06 01:16:09', 1, 100.00, 'expired', '2025-11-24 11:55:42', '2025-11-17 11:55:42', '2025-11-06 09:16:09'),
(116, NULL, 3, 7, 'meditate2.png', '/uploads/1762397333175.png', NULL, '2025-11-06 02:48:53', 1, 100.00, 'expired', '2025-11-26 18:39:00', '2025-11-19 18:39:00', '2025-11-06 10:48:53'),
(117, NULL, 3, 8, 'chromakopia-pfp-05.jpg', '/uploads/1762428462653.jpg', NULL, '2025-11-06 11:27:42', 1, 470.00, 'expired', '2025-11-26 18:39:00', '2025-11-19 18:39:00', '2025-11-06 19:27:42'),
(118, NULL, 3, 8, 'photo_90-1.webp', '/uploads/1762447609635.webp', NULL, '2025-11-06 16:46:49', 1, 100.00, 'expired', '2025-11-26 17:22:36', '2025-11-19 17:22:36', '2025-11-07 00:46:49'),
(119, 1, 5, 8, '1980s_lab_03-100608911-large.png', '/uploads/1763305984841.png', NULL, '2025-11-16 15:13:04', 1, 100.00, 'available', NULL, NULL, '2025-11-16 23:13:04'),
(120, NULL, 3, 8, '20250621_133033_415.jpg', '/uploads/1763576761859.jpg', NULL, '2025-11-19 18:26:01', 1, 100.00, 'available', NULL, NULL, '2025-11-20 02:26:01'),
(121, NULL, 3, 8, '20250621_160056_173.jpg', '/uploads/1763576761876.jpg', NULL, '2025-11-19 18:26:01', 1, 100.00, 'available', NULL, NULL, '2025-11-20 02:26:01'),
(122, NULL, 9, 8, '1.jpg', '/uploads/1763577278591.jpg', NULL, '2025-11-19 18:34:38', 1, 100.00, 'available', NULL, NULL, '2025-11-20 02:34:38'),
(123, NULL, 9, 8, '2.jpg', '/uploads/1763577278687.jpg', NULL, '2025-11-19 18:34:38', 1, 100.00, 'available', NULL, NULL, '2025-11-20 02:34:38'),
(124, NULL, 9, 8, '20240626_183453.heic', '/uploads/1764455374948.heic', NULL, '2025-11-29 22:29:34', 1, 100.00, 'available', NULL, NULL, '2025-11-30 06:29:34'),
(125, NULL, 10, 8, 'bg.png', '/uploads/1764494433127.png', NULL, '2025-11-30 09:20:33', 1, 100.00, 'available', NULL, NULL, '2025-11-30 17:20:33'),
(126, NULL, 5, 8, 'bg.png', '/uploads/1764494462617.png', NULL, '2025-11-30 09:21:02', 1, 100.00, 'available', NULL, NULL, '2025-11-30 17:21:02'),
(127, NULL, 15, 8, 'bg.png', '/uploads/1764495809090.png', NULL, '2025-11-30 09:43:29', 1, 120.00, 'available', NULL, NULL, '2025-11-30 17:43:29'),
(128, NULL, 15, 8, 'Screenshot 2024-04-15 205247.png', '/uploads/1764499170848.png', NULL, '2025-11-30 10:39:30', 1, 100.00, 'available', NULL, NULL, '2025-11-30 18:39:30'),
(129, NULL, 15, 8, 'Screenshot 2024-06-08 202053.png', '/uploads/1764499626771.png', NULL, '2025-11-30 10:47:06', 1, 150.00, 'available', NULL, NULL, '2025-11-30 18:47:06'),
(130, NULL, 15, 8, 'Screenshot 2024-08-07 231532.png', '/uploads/1764502065646.png', NULL, '2025-11-30 11:27:45', 1, 120.00, 'available', NULL, NULL, '2025-11-30 19:27:45'),
(131, NULL, 15, 8, 'Screenshot 2024-08-07 231532.png', '/uploads/1764502065662.png', NULL, '2025-11-30 11:27:45', 1, 120.00, 'available', NULL, NULL, '2025-11-30 19:27:45'),
(132, NULL, 16, 8, 'Screenshot 2025-12-04 012226.png', '/uploads/1764891372789.png', NULL, '2025-12-04 23:36:12', 1, 100.00, 'available', NULL, NULL, '2025-12-05 07:36:12'),
(134, NULL, 16, 8, 'bg.png', '/uploads/1764891801798.png', NULL, '2025-12-04 23:43:21', 1, 100.00, 'available', NULL, NULL, '2025-12-05 07:43:21'),
(135, NULL, 16, 8, 'Screenshot 2023-10-22 124235.png', '/uploads/1764891821029.png', NULL, '2025-12-04 23:43:41', 1, 100.00, 'available', NULL, NULL, '2025-12-05 07:43:41'),
(136, NULL, 16, 8, 'Screenshot 2024-01-23 221104.png', '/uploads/1764891821030.png', NULL, '2025-12-04 23:43:41', 1, 100.00, 'available', NULL, NULL, '2025-12-05 07:43:41');

-- --------------------------------------------------------

--
-- Table structure for table `photo_purchases`
--

CREATE TABLE `photo_purchases` (
  `id` int(11) NOT NULL,
  `photo_id` int(11) NOT NULL,
  `user_id` int(11) NOT NULL,
  `purchase_date` timestamp NOT NULL DEFAULT current_timestamp(),
  `expires_at` datetime DEFAULT NULL,
  `downloads_remaining` int(11) DEFAULT 7,
  `price` decimal(10,2) DEFAULT 0.00,
  `status` enum('active','expired','pending') DEFAULT 'pending',
  `checkout_session_id` varchar(255) DEFAULT NULL,
  `created_at` datetime NOT NULL DEFAULT current_timestamp()
) ENGINE=InnoDB DEFAULT CHARSET=utf8mb4 COLLATE=utf8mb4_general_ci;

--
-- Dumping data for table `photo_purchases`
--

INSERT INTO `photo_purchases` (`id`, `photo_id`, `user_id`, `purchase_date`, `expires_at`, `downloads_remaining`, `price`, `status`, `checkout_session_id`, `created_at`) VALUES
(169, 118, 3, '2025-11-19 08:41:51', NULL, 10, 100.00, 'pending', 'cs_PAQicf6b8VyD9gkBFgveZ1At', '2025-11-19 16:41:51'),
(170, 118, 3, '2025-11-19 09:22:15', NULL, 10, 100.00, 'pending', 'cs_YLKiAfcaZTQeDrs6rUCi6o3f', '2025-11-19 17:22:15'),
(171, 118, 3, '2025-11-19 09:22:36', '2025-11-26 17:22:36', 9, 100.00, 'active', 'cs_KxAKDDUJDEPmy5e2wBngum49', '2025-11-19 17:22:22'),
(172, 117, 3, '2025-11-19 10:31:31', NULL, 10, 470.00, 'pending', 'cs_JCE1CyyVFgJ6F44WpbYqwkn8', '2025-11-19 18:31:31'),
(173, 83, 3, '2025-11-19 10:31:44', NULL, 10, 100.00, 'pending', 'cs_SVsqTVFGYqmyWvDSBJT9iSsU', '2025-11-19 18:31:44'),
(174, 83, 3, '2025-11-19 10:35:32', NULL, 10, 100.00, 'pending', 'cs_fBX9Keeutekn9mBcy61PFGRq', '2025-11-19 18:35:32'),
(175, 116, 3, '2025-11-19 10:35:50', NULL, 10, 100.00, 'pending', 'cs_odPgyRDssoLnG26c4zahw19Q', '2025-11-19 18:35:50'),
(176, 116, 3, '2025-11-19 10:38:49', '2025-11-26 18:38:49', 10, 100.00, 'active', 'cs_3AJ617qQEyXRENUtesi3TywQ', '2025-11-19 18:35:59'),
(177, 88, 3, '2025-11-19 10:38:38', NULL, 10, 100.00, 'pending', 'cs_tvzPqk95vYhfSct4op54pQ1a', '2025-11-19 18:38:38'),
(178, 116, 3, '2025-11-19 10:39:00', '2025-11-26 18:39:00', 9, 100.00, 'active', 'cs_T888c2jiKtNzAcnABF8azHbA', '2025-11-19 18:38:47'),
(179, 117, 3, '2025-11-19 10:39:00', '2025-11-26 18:39:00', 10, 470.00, 'active', 'cs_T888c2jiKtNzAcnABF8azHbA', '2025-11-19 18:38:47'),
(180, 86, 3, '2025-11-19 13:16:21', NULL, 10, 100.00, 'pending', 'cs_rog6w126c3JewL9WVrDurA7i', '2025-11-19 21:16:21'),
(181, 86, 3, '2025-11-19 13:17:13', '2025-11-26 21:17:13', 10, 100.00, 'active', 'cs_FS3eV6xGwxBJ8jpj7SM6CKZ5', '2025-11-19 21:16:59'),
(182, 122, 9, '2025-11-19 18:35:46', NULL, 10, 100.00, 'pending', 'cs_6MLpmT5q7RirWmNjyxxNAo2r', '2025-11-20 02:35:46'),
(183, 122, 9, '2025-11-19 18:35:54', NULL, 10, 100.00, 'pending', 'cs_TmE8BwUV8fRDq2gZQZrxJSNE', '2025-11-20 02:35:54'),
(184, 123, 9, '2025-11-19 18:35:54', NULL, 10, 100.00, 'pending', 'cs_TmE8BwUV8fRDq2gZQZrxJSNE', '2025-11-20 02:35:54'),
(185, 124, 9, '2025-12-04 16:32:47', NULL, 10, 100.00, 'pending', 'cs_qcWtToJibuLPUvzcEjtbUgsn', '2025-12-05 00:32:47'),
(186, 135, 16, '2025-12-04 23:58:35', NULL, 10, 100.00, 'pending', 'cs_zVQbed4wNptfTCCr1MkT5pXd', '2025-12-05 07:58:35'),
(187, 135, 16, '2025-12-05 00:37:02', NULL, 10, 100.00, 'pending', 'cs_UK1ewPzkvf5iYvXPmTwZfsjR', '2025-12-05 08:37:02');

-- --------------------------------------------------------

--
-- Table structure for table `qr_codes`
--

CREATE TABLE `qr_codes` (
  `id` int(11) NOT NULL,
  `code` varchar(255) NOT NULL,
  `user_id` int(11) NOT NULL,
  `generated_by` int(11) DEFAULT NULL,
  `created_at` datetime DEFAULT current_timestamp(),
  `expires_at` datetime DEFAULT NULL
) ENGINE=InnoDB DEFAULT CHARSET=utf8mb4 COLLATE=utf8mb4_general_ci;

--
-- Dumping data for table `qr_codes`
--

INSERT INTO `qr_codes` (`id`, `code`, `user_id`, `generated_by`, `created_at`, `expires_at`) VALUES
(1, '04c9bc0944db', 1, NULL, '2025-11-01 15:53:42', NULL),
(2, 'b078f3cc59bc', 1, 7, '2025-11-01 20:34:49', '2025-11-08 20:34:49'),
(3, '330e49fd5c9b', 3, 7, '2025-11-02 18:03:15', '2025-11-09 18:03:15'),
(4, '92461a40d79a', 5, 7, '2025-11-02 18:11:50', '2025-11-09 18:11:50'),
(5, '369d4c8fc3dd', 5, 7, '2025-11-02 20:13:56', '2025-11-09 20:13:56'),
(6, '690f69885c46', 3, 7, '2025-11-02 20:26:33', '2025-11-09 20:26:33'),
(7, 'b9c4cb197bc6', 3, 7, '2025-11-03 18:20:52', '2025-11-10 18:20:52'),
(8, 'e39ed70f0f27', 5, 7, '2025-11-04 15:18:20', '2025-11-11 15:18:20'),
(9, 'b6aed218bf36', 5, 7, '2025-11-04 15:18:21', '2025-11-11 15:18:21'),
(10, 'd66e2767c869', 5, 7, '2025-11-04 15:18:22', '2025-11-11 15:18:22'),
(11, '1ddc6f8bff9d', 5, 7, '2025-11-04 15:18:22', '2025-11-11 15:18:22'),
(12, '4d1e16c2004a', 5, 7, '2025-11-04 15:18:23', '2025-11-11 15:18:23'),
(13, 'f25698295ff9', 5, 7, '2025-11-04 15:18:23', '2025-11-11 15:18:23'),
(14, '61971b59533b', 5, 7, '2025-11-04 15:18:23', '2025-11-11 15:18:23'),
(15, '00ed7e3fd476', 5, 7, '2025-11-04 15:18:23', '2025-11-11 15:18:23'),
(16, '095a9e9ec62a', 3, 8, '2025-11-04 15:26:20', '2025-11-11 15:26:20'),
(17, 'e0eba20ca6de', 5, 8, '2025-11-04 15:31:49', '2025-11-11 15:31:49'),
(18, 'fceec8b21c25', 1, 8, '2025-11-04 15:33:39', '2025-11-11 15:33:39'),
(19, '13de1681f9c9', 5, 8, '2025-11-04 15:35:41', '2025-11-11 15:35:41'),
(20, '39eeaa300792', 1, 8, '2025-11-05 18:11:32', '2025-11-12 18:11:32'),
(21, '9bda49696f89', 3, 8, '2025-11-16 23:14:21', '2025-11-23 23:14:21'),
(22, '3721a29bf04d', 5, 8, '2025-11-16 23:22:27', '2025-11-23 23:22:27'),
(23, 'd35438c71fe4', 5, 8, '2025-11-17 01:30:58', '2025-11-24 01:30:58'),
(24, 'c1f7946a84f9', 5, 8, '2025-11-19 19:11:57', '2025-11-26 19:11:57'),
(25, '74228f2a9cc9', 9, 8, '2025-11-20 02:34:40', '2025-11-27 02:34:40'),
(26, 'e173b3b23a0f', 10, 8, '2025-11-30 14:18:03', '2025-12-07 14:17:59'),
(27, 'f4f39acfdd70', 5, 8, '2025-11-30 14:20:54', '2025-12-07 14:20:54'),
(28, '11d16703b880', 15, 8, '2025-11-30 17:43:39', '2025-12-07 17:43:39'),
(29, '73eeb4dec66a', 16, 8, '2025-12-05 07:57:51', '2025-12-12 07:57:51');

-- --------------------------------------------------------

--
-- Table structure for table `reviews`
--

CREATE TABLE `reviews` (
  `id` int(11) NOT NULL,
  `user_id` int(11) NOT NULL,
  `service_id` int(11) NOT NULL,
  `rating` int(11) DEFAULT NULL CHECK (`rating` between 1 and 5),
  `comment` text DEFAULT NULL,
  `created_at` timestamp NOT NULL DEFAULT current_timestamp(),
  `booking_id` int(11) DEFAULT NULL
) ENGINE=InnoDB DEFAULT CHARSET=utf8mb4 COLLATE=utf8mb4_general_ci;

--
-- Dumping data for table `reviews`
--

INSERT INTO `reviews` (`id`, `user_id`, `service_id`, `rating`, `comment`, `created_at`, `booking_id`) VALUES
(1, 3, 2, 5, 'wow 5/5 very naise 👍👎', '2025-11-16 16:35:41', NULL),
(2, 3, 2, 5, 'good 5/5 very naise 👍👎', '2025-11-16 16:41:41', 1),
(3, 3, 1, 5, 'hello po hehe', '2025-11-17 03:55:17', 28),
(4, 3, 2, 1, 'hi', '2025-11-17 03:58:13', 1),
(5, 9, 1, 3, 'goods par', '2025-11-19 18:35:40', 47),
(6, 15, 2, 5, 'dinyil', '2025-12-05 00:42:37', 76);

-- --------------------------------------------------------

--
-- Table structure for table `services`
--

CREATE TABLE `services` (
  `id` int(11) NOT NULL,
  `name` varchar(100) NOT NULL,
  `description` text DEFAULT NULL,
  `price` decimal(10,2) NOT NULL,
  `created_at` timestamp NOT NULL DEFAULT current_timestamp()
) ENGINE=InnoDB DEFAULT CHARSET=utf8mb4 COLLATE=utf8mb4_general_ci;

--
-- Dumping data for table `services`
--

INSERT INTO `services` (`id`, `name`, `description`, `price`, `created_at`) VALUES
(1, 'Pro', NULL, 40.00, '2025-10-21 10:59:34'),
(2, 'Plus', NULL, 25.00, '2025-10-21 10:59:34'),
(3, 'Standard', NULL, 10.00, '2025-10-21 10:59:34');

-- --------------------------------------------------------

--
-- Table structure for table `transactions`
--

CREATE TABLE `transactions` (
  `id` int(11) NOT NULL,
  `user_id` int(11) NOT NULL,
  `reference_id` varchar(255) DEFAULT NULL,
  `type` enum('photo','booking') NOT NULL,
  `related_id` int(11) DEFAULT NULL,
  `amount` decimal(10,2) NOT NULL,
  `payment_method` varchar(50) DEFAULT NULL,
  `status` enum('pending','confirmed','rejected') DEFAULT 'pending',
  `created_at` timestamp NOT NULL DEFAULT current_timestamp()
) ENGINE=InnoDB DEFAULT CHARSET=utf8mb4 COLLATE=utf8mb4_general_ci;

--
-- Dumping data for table `transactions`
--

INSERT INTO `transactions` (`id`, `user_id`, `reference_id`, `type`, `related_id`, `amount`, `payment_method`, `status`, `created_at`) VALUES
(9, 3, 'BOOKING-KGNPXFG', 'booking', 28, 500.00, 'cash', 'confirmed', '2025-11-16 15:35:06'),
(10, 3, 'BOOKING-XKEIEIK', 'booking', 26, 35023.00, 'cash', 'confirmed', '2025-11-16 15:35:45'),
(11, 3, 'BOOKING-XEXA6F0', 'booking', 26, 40.00, 'cash', 'confirmed', '2025-11-16 15:42:39'),
(12, 3, 'BOOKING-9FIWGZF', 'booking', 28, 40.00, 'cash', 'confirmed', '2025-11-16 15:42:42'),
(13, 3, 'BOOKING-4GGPOYY', 'booking', 24, 40.00, 'cash', 'confirmed', '2025-11-16 15:42:46'),
(14, 3, 'BOOKING-OWPFXDP', 'booking', 24, 40.00, 'cash', 'confirmed', '2025-11-16 15:42:54'),
(18, 3, 'BOOKING-A1Q2R9J', 'booking', 26, 5.00, 'cash', 'confirmed', '2025-11-16 16:14:44'),
(19, 3, 'BOOKING-MLDH8YR', 'booking', 16, 520.00, 'cash', 'confirmed', '2025-11-16 16:14:52'),
(20, 3, 'BOOKING-IXI5UYQ', 'booking', 28, 200.00, 'cash', 'confirmed', '2025-11-16 16:48:17'),
(21, 3, 'BOOKING-XHKI8EH', 'booking', 24, 200.00, 'cash', 'confirmed', '2025-11-16 16:48:27'),
(24, 3, 'BOOKING-SQYQ3R9', 'booking', 43, 44.88, 'cash', 'confirmed', '2025-11-16 17:30:39'),
(35, 3, 'BOOKING-JTMO4K0', 'booking', 46, 300.00, 'cash', 'confirmed', '2025-11-17 03:54:30'),
(37, 3, 'pay_fv9amuiJbBcLfQrFBU5FaRxb', '', NULL, 200.00, 'gcash', 'confirmed', '2025-11-17 03:56:24'),
(42, 3, 'pay_Xuvaag5WanpcRpo7yJPfQepT', '', NULL, 100.00, 'gcash', 'confirmed', '2025-11-19 07:40:23'),
(43, 3, 'pay_CVvVYYgXbmYETLbj3U6eDRiS', '', NULL, 200.00, 'gcash', 'confirmed', '2025-11-19 07:41:19'),
(45, 3, 'pay_kEVWAZXXZnb9DqPFdMbNZJqd', '', NULL, 570.00, 'gcash', 'confirmed', '2025-11-19 08:36:23'),
(46, 3, 'pay_vdZaQ9rRRd6YmTjVKgcUHwmN', 'photo', 118, 100.00, 'gcash', 'confirmed', '2025-11-19 09:22:36'),
(47, 3, 'DL-RAT934R', 'photo', 118, 0.00, 'download', 'confirmed', '2025-11-19 09:22:44'),
(48, 3, 'pay_194GtcsQS6jWTDZNNMRMU5qe', 'photo', 116, 100.00, 'gcash', 'confirmed', '2025-11-19 10:38:49'),
(49, 3, 'pay_hT2HoT66DMW8fsxFKM81HKBa', '', NULL, 570.00, 'gcash', 'confirmed', '2025-11-19 10:39:00'),
(50, 3, 'DL-E9GVA1U', 'photo', 116, 0.00, 'download', 'confirmed', '2025-11-19 10:39:10'),
(51, 3, 'pay_hDSWbaa67U8NExzDRx4pCRV9', 'booking', 45, 40.00, 'gcash', 'confirmed', '2025-11-19 11:32:57'),
(52, 3, 'pay_Uxr2LFqMXPNYTHmhMkduR2Gd', 'photo', 86, 100.00, 'gcash', 'confirmed', '2025-11-19 13:17:13'),
(53, 9, 'BOOKING-MIKTNMH', 'booking', 47, 40.00, 'cash', 'confirmed', '2025-11-19 18:33:57'),
(54, 9, 'pay_BrDLYaQpxouFrV4Ym1p2nwXz', 'booking', 48, 580.00, 'gcash', 'confirmed', '2025-11-20 08:31:03'),
(55, 9, 'pay_1LK3F89P7xTjcrnPLm882JvS', 'booking', 49, 2320.00, 'gcash', 'confirmed', '2025-11-20 08:32:23'),
(56, 3, 'BOOKING-3GZJNPS', 'booking', 39, 12.00, 'cash', 'confirmed', '2025-11-30 18:02:12'),
(57, 15, 'BOOKING-P2JSFJE', 'booking', 70, 10.00, 'cash', 'confirmed', '2025-12-04 06:22:10'),
(58, 15, 'BOOKING-ROPAIZL', 'booking', 76, 25.00, 'cash', 'confirmed', '2025-12-05 00:04:25');

-- --------------------------------------------------------

--
-- Table structure for table `users`
--

CREATE TABLE `users` (
  `id` int(11) NOT NULL,
  `name` varchar(100) NOT NULL,
  `email` varchar(100) NOT NULL,
  `password` varchar(255) NOT NULL,
  `role` enum('customer','staff','admin') DEFAULT 'customer',
  `created_at` timestamp NOT NULL DEFAULT current_timestamp(),
  `reset_token` varchar(255) DEFAULT NULL,
  `reset_token_expires` datetime DEFAULT NULL,
  `remaining_downloads` int(11) DEFAULT 0,
  `total_downloads` int(11) DEFAULT 0,
  `contact` varchar(20) DEFAULT NULL,
  `gender` enum('Male','Female','Other') DEFAULT 'Other',
  `dob` date DEFAULT '2000-01-01',
  `profile_pic` varchar(255) DEFAULT '/assets/default-avatar.png'
) ENGINE=InnoDB DEFAULT CHARSET=utf8mb4 COLLATE=utf8mb4_general_ci;

--
-- Dumping data for table `users`
--

INSERT INTO `users` (`id`, `name`, `email`, `password`, `role`, `created_at`, `reset_token`, `reset_token_expires`, `remaining_downloads`, `total_downloads`, `contact`, `gender`, `dob`, `profile_pic`) VALUES
(1, 'KC', 'kc@gmail.com', '$2b$10$BxU8kmtJ2X/URsxLLDPAle.pAoNaONvrMuHlJdccAPEgYBEBETNfi', 'customer', '2025-10-07 10:03:35', NULL, NULL, 0, 0, NULL, NULL, NULL, NULL),
(3, 'Kester Clarence Abella', 'kcabella1611@gmail.com', '$2b$10$hNJzey/TLW0R6D6.JjcnIuBAuACTh1AdoAqBcaD.Rr6BpAwlthSSO', 'customer', '2025-10-16 06:22:11', NULL, NULL, 0, 0, '09167406636', 'Female', '2004-10-23', '/uploads/profile_pics/profile_3.webp'),
(5, 'KC Abella', 'kdabella7143val@student.fatima.edu.ph', '$2b$10$SS6lF9Y7JJano8NgE8UUke31B4Wkg6SZoqr81lyHisf6OP.aiHyP.', 'customer', '2025-11-01 07:10:10', NULL, NULL, 0, 0, NULL, NULL, NULL, NULL),
(7, 'Staff User', 'staff@gmail.com', '$2b$10$IMOYm7lwJ0pUe8HVGwoQvecMJd3vq6fLb9ilu6DqINaAnfCP/eeLm', 'staff', '2025-11-01 11:51:49', NULL, NULL, 0, 0, NULL, NULL, NULL, NULL),
(8, 'Admin User', 'admin@gmail.com', '$2b$10$YpOpgMSCtaDug9d4IW3PX.XZ1BcpxcHzucAXn76tU93PDdVNyvi3G', 'admin', '2025-11-04 07:24:45', NULL, NULL, 0, 0, NULL, NULL, NULL, NULL),
(9, 'integ dummy', 'integtest@gmail.com', '$2b$10$RF0AQGegpGOJRM8IWIahAOwAsSnC9alnwk2CWtHCKPiK/lGRFqRR2', 'customer', '2025-11-19 16:03:59', NULL, NULL, 0, 0, NULL, 'Male', '1999-12-31', '/assets/default-avatar.png'),
(10, 'ad ya', 'eyydii@gmail.com', '$2b$10$mojCeID2KMyV/U6l0evoPe1PSRvUBxBOe7JyrtiklcJ75zcU1oKsC', 'customer', '2025-11-20 09:14:14', NULL, NULL, 0, 0, NULL, 'Other', '2000-01-01', '/assets/default-avatar.png'),
(11, 'ftest ftest', 'ftest@gmail.com', '$2b$10$fsqZ7CaZTJgOaMr22b5S.OPQ1j/SJLRvvI1RLkadoJR4l9tsFOb9.', 'customer', '2025-11-20 19:43:35', NULL, NULL, 0, 0, NULL, 'Other', '2000-01-01', '/assets/default-avatar.png'),
(15, 'testact test', 'testact@gmail.com', '$2b$10$qDZU4oOgPvFHaa/iOeQdneYmfml1rjI4Z0ReEYySdtj6CZkZh3Qy2', 'customer', '2025-11-30 09:42:43', NULL, NULL, 0, 0, NULL, 'Other', '2000-01-01', '/assets/default-avatar.png'),
(16, 'dinyil serrano', 'dinyil@gmail.com', '$2b$10$mMfSS//yXTOwpI1yy/f8n.8GIw4NPS.MW/SzShX0w0WR3jXQ8SAhm', 'customer', '2025-12-01 04:42:45', NULL, NULL, 0, 0, NULL, 'Other', '2000-01-01', '/assets/default-avatar.png');

-- --------------------------------------------------------

--
-- Table structure for table `user_gallery`
--

CREATE TABLE `user_gallery` (
  `id` int(11) NOT NULL,
  `user_id` int(11) DEFAULT NULL,
  `photo_path` varchar(255) DEFAULT NULL,
  `price` decimal(10,2) DEFAULT NULL,
  `status` enum('available','purchased','expired') DEFAULT 'available',
  `upload_date` datetime DEFAULT current_timestamp(),
  `expiry_date` datetime DEFAULT NULL
) ENGINE=InnoDB DEFAULT CHARSET=utf8mb4 COLLATE=utf8mb4_general_ci;

--
-- Dumping data for table `user_gallery`
--

INSERT INTO `user_gallery` (`id`, `user_id`, `photo_path`, `price`, `status`, `upload_date`, `expiry_date`) VALUES
(1, 1, '/uploads/sample.jpg', 100.00, 'available', '2025-10-23 23:42:59', '2025-10-30 23:42:59'),
(2, 1, '/public/images/soteras.png', 100.00, 'available', '2025-10-23 23:45:23', '2025-10-30 23:45:23'),
(3, 1, '/public/images/soteras.png', 100.00, 'available', '2025-10-23 23:47:05', '2025-10-30 23:47:05'),
(4, 1, '/images/soteras.png', 100.00, 'available', '2025-10-23 23:47:33', '2025-10-30 23:47:33'),
(5, 1, '/images/soteras.png', 100.00, 'available', '2025-10-23 23:54:29', '2025-10-30 23:54:29');

--
-- Indexes for dumped tables
--

--
-- Indexes for table `bookings`
--
ALTER TABLE `bookings`
  ADD PRIMARY KEY (`id`),
  ADD KEY `user_id` (`user_id`),
  ADD KEY `service_id` (`service_id`);

--
-- Indexes for table `clients`
--
ALTER TABLE `clients`
  ADD PRIMARY KEY (`id`);

--
-- Indexes for table `gallery_access_codes`
--
ALTER TABLE `gallery_access_codes`
  ADD PRIMARY KEY (`id`),
  ADD UNIQUE KEY `code` (`code`);

--
-- Indexes for table `notifications`
--
ALTER TABLE `notifications`
  ADD PRIMARY KEY (`id`),
  ADD KEY `user_id` (`user_id`);

--
-- Indexes for table `packages`
--
ALTER TABLE `packages`
  ADD PRIMARY KEY (`id`);

--
-- Indexes for table `payments`
--
ALTER TABLE `payments`
  ADD PRIMARY KEY (`id`),
  ADD KEY `booking_id` (`booking_id`);

--
-- Indexes for table `photos`
--
ALTER TABLE `photos`
  ADD PRIMARY KEY (`id`),
  ADD KEY `photos_booking_fk` (`booking_id`),
  ADD KEY `idx_user_published` (`user_id`,`is_published`);

--
-- Indexes for table `photo_purchases`
--
ALTER TABLE `photo_purchases`
  ADD PRIMARY KEY (`id`),
  ADD KEY `purchase_photo_fk` (`photo_id`),
  ADD KEY `idx_user_status` (`user_id`,`status`);

--
-- Indexes for table `qr_codes`
--
ALTER TABLE `qr_codes`
  ADD PRIMARY KEY (`id`),
  ADD UNIQUE KEY `code` (`code`);

--
-- Indexes for table `reviews`
--
ALTER TABLE `reviews`
  ADD PRIMARY KEY (`id`),
  ADD KEY `user_id` (`user_id`),
  ADD KEY `service_id` (`service_id`);

--
-- Indexes for table `services`
--
ALTER TABLE `services`
  ADD PRIMARY KEY (`id`);

--
-- Indexes for table `transactions`
--
ALTER TABLE `transactions`
  ADD PRIMARY KEY (`id`),
  ADD KEY `idx_user_created` (`user_id`,`created_at`);

--
-- Indexes for table `users`
--
ALTER TABLE `users`
  ADD PRIMARY KEY (`id`),
  ADD UNIQUE KEY `email` (`email`);

--
-- Indexes for table `user_gallery`
--
ALTER TABLE `user_gallery`
  ADD PRIMARY KEY (`id`),
  ADD KEY `user_id` (`user_id`);

--
-- AUTO_INCREMENT for dumped tables
--

--
-- AUTO_INCREMENT for table `bookings`
--
ALTER TABLE `bookings`
  MODIFY `id` int(11) NOT NULL AUTO_INCREMENT, AUTO_INCREMENT=79;

--
-- AUTO_INCREMENT for table `clients`
--
ALTER TABLE `clients`
  MODIFY `id` int(11) NOT NULL AUTO_INCREMENT;

--
-- AUTO_INCREMENT for table `gallery_access_codes`
--
ALTER TABLE `gallery_access_codes`
  MODIFY `id` int(11) NOT NULL AUTO_INCREMENT;

--
-- AUTO_INCREMENT for table `notifications`
--
ALTER TABLE `notifications`
  MODIFY `id` int(11) NOT NULL AUTO_INCREMENT, AUTO_INCREMENT=2;

--
-- AUTO_INCREMENT for table `packages`
--
ALTER TABLE `packages`
  MODIFY `id` int(11) NOT NULL AUTO_INCREMENT;

--
-- AUTO_INCREMENT for table `payments`
--
ALTER TABLE `payments`
  MODIFY `id` int(11) NOT NULL AUTO_INCREMENT, AUTO_INCREMENT=7;

--
-- AUTO_INCREMENT for table `photos`
--
ALTER TABLE `photos`
  MODIFY `id` int(11) NOT NULL AUTO_INCREMENT, AUTO_INCREMENT=137;

--
-- AUTO_INCREMENT for table `photo_purchases`
--
ALTER TABLE `photo_purchases`
  MODIFY `id` int(11) NOT NULL AUTO_INCREMENT, AUTO_INCREMENT=188;

--
-- AUTO_INCREMENT for table `qr_codes`
--
ALTER TABLE `qr_codes`
  MODIFY `id` int(11) NOT NULL AUTO_INCREMENT, AUTO_INCREMENT=30;

--
-- AUTO_INCREMENT for table `reviews`
--
ALTER TABLE `reviews`
  MODIFY `id` int(11) NOT NULL AUTO_INCREMENT, AUTO_INCREMENT=7;

--
-- AUTO_INCREMENT for table `services`
--
ALTER TABLE `services`
  MODIFY `id` int(11) NOT NULL AUTO_INCREMENT, AUTO_INCREMENT=4;

--
-- AUTO_INCREMENT for table `transactions`
--
ALTER TABLE `transactions`
  MODIFY `id` int(11) NOT NULL AUTO_INCREMENT, AUTO_INCREMENT=59;

--
-- AUTO_INCREMENT for table `users`
--
ALTER TABLE `users`
  MODIFY `id` int(11) NOT NULL AUTO_INCREMENT, AUTO_INCREMENT=17;

--
-- AUTO_INCREMENT for table `user_gallery`
--
ALTER TABLE `user_gallery`
  MODIFY `id` int(11) NOT NULL AUTO_INCREMENT, AUTO_INCREMENT=6;

--
-- Constraints for dumped tables
--

--
-- Constraints for table `bookings`
--
ALTER TABLE `bookings`
  ADD CONSTRAINT `bookings_ibfk_1` FOREIGN KEY (`user_id`) REFERENCES `users` (`id`),
  ADD CONSTRAINT `bookings_ibfk_2` FOREIGN KEY (`service_id`) REFERENCES `services` (`id`);

--
-- Constraints for table `notifications`
--
ALTER TABLE `notifications`
  ADD CONSTRAINT `notifications_ibfk_1` FOREIGN KEY (`user_id`) REFERENCES `users` (`id`) ON DELETE CASCADE;

--
-- Constraints for table `payments`
--
ALTER TABLE `payments`
  ADD CONSTRAINT `payments_ibfk_1` FOREIGN KEY (`booking_id`) REFERENCES `bookings` (`id`);

--
-- Constraints for table `photos`
--
ALTER TABLE `photos`
  ADD CONSTRAINT `photos_booking_fk` FOREIGN KEY (`booking_id`) REFERENCES `bookings` (`id`) ON DELETE CASCADE,
  ADD CONSTRAINT `photos_user_fk` FOREIGN KEY (`user_id`) REFERENCES `users` (`id`) ON DELETE CASCADE;

--
-- Constraints for table `photo_purchases`
--
ALTER TABLE `photo_purchases`
  ADD CONSTRAINT `purchase_photo_fk` FOREIGN KEY (`photo_id`) REFERENCES `photos` (`id`) ON DELETE CASCADE,
  ADD CONSTRAINT `purchase_user_fk` FOREIGN KEY (`user_id`) REFERENCES `users` (`id`) ON DELETE CASCADE;

--
-- Constraints for table `reviews`
--
ALTER TABLE `reviews`
  ADD CONSTRAINT `reviews_ibfk_1` FOREIGN KEY (`user_id`) REFERENCES `users` (`id`),
  ADD CONSTRAINT `reviews_ibfk_2` FOREIGN KEY (`service_id`) REFERENCES `services` (`id`);

--
-- Constraints for table `transactions`
--
ALTER TABLE `transactions`
  ADD CONSTRAINT `transactions_ibfk_1` FOREIGN KEY (`user_id`) REFERENCES `users` (`id`);

--
-- Constraints for table `user_gallery`
--
ALTER TABLE `user_gallery`
  ADD CONSTRAINT `user_gallery_ibfk_1` FOREIGN KEY (`user_id`) REFERENCES `users` (`id`);
COMMIT;

/*!40101 SET CHARACTER_SET_CLIENT=@OLD_CHARACTER_SET_CLIENT */;
/*!40101 SET CHARACTER_SET_RESULTS=@OLD_CHARACTER_SET_RESULTS */;
/*!40101 SET COLLATION_CONNECTION=@OLD_COLLATION_CONNECTION */;
